{"AK":129.0023041,"AL":128.5763832,"AR":155.9176048,"AZ":125.0988395,"CA":78.06699264,"CO":133.908617,"CT":123.1050478,"DC":136.2888024,"DE":137.2779704,"FL":99.17954697,"GA":126.984441,"HI":209.0573127,"IA":106.7683202,"ID":130.6010865,"IL":144.4648941,"IN":143.6302836,"KS":130.1528697,"KY":116.4436196,"LA":161.28075,"MA":128.2981797,"MD":136.2888024,"ME":94.62010076,"MI":136.2269794,"MN":107.0310679,"MO":140.9409831,"MS":149.9362296,"MT":130.8020112,"NC":131.5438872,"ND":107.3865502,"NE":108.3448067,"NH":131.621166,"NJ":134.5577584,"NM":123.7232778,"NV":118.6383361,"NY":101.3124405,"OH":142.8574961,"OK":142.8111289,"OR":129.5346397,"PA":138.8853684,"RI":128.1745337,"SC":131.744812,"SD":111.1422974,"TN":114.8516774,"TX":112.5333149,"UT":130.9874802,"VA":135.5005592,"VT":67.34070222,"WA":101.1424272,"WI":126.2734765,"WV":144.0475889,"WY":135.3769132,"DistOil":78.123,"ResidOil":79.325,"NatGas":56.007,"LPG":65.199,"Coal":100.209}
