{"AK":114.9093562,"AL":109.4048303,"AR":153.6111363,"AZ":122.5020664,"CA":53.17530517,"CO":172.7914865,"CT":64.19443688,"DC":55.44845626,"DE":113.4478918,"FL":119.4124407,"GA":117.4133378,"HI":192.1213977,"IA":135.7467215,"ID":20.24743718,"IL":103.1357414,"IN":220.3125787,"KS":125.5707763,"KY":231.2917687,"LA":105.7673602,"MA":92.46361144,"MD":105.9859687,"ME":33.7956243,"MI":140.5853418,"MN":126.3906529,"MO":215.8231022,"MS":115.858382,"MT":146.9063423,"NC":101.3126594,"ND":191.1218462,"NE":178.6069783,"NH":38.53243723,"NJ":63.26935095,"NM":168.8918121,"NV":94.07350288,"NY":52.75371194,"OH":167.5594968,"OK":112.5655196,"OR":39.58390033,"PA":99.39369198,"RI":109.4650579,"SC":79.9544135,"SD":65.5179322,"TN":94.29211144,"TX":123.9405989,"UT":202.7767698,"VA":93.59773,"VT":7.245834467,"WA":25.20512665,"WI":175.9268499,"WV":247.1422127,"WY":260.0318022,"DistOil":69.667,"ResidOil":69.364,"NatGas":50.333,"LPG":58.492,"Coal":89.095}
