{
	"AK": 128.637551,
	"AL": 116.4436196,
	"AR": 146.4277744,
	"AZ": 103.4298782,
	"CA": 64.3577425,
	"CO": 120.9257871,
	"CT": 117.9582831,
	"DC": 126.613503,
	"DE": 131.3429625,
	"FL": 89.9524643,
	"GA": 114.9598676,
	"HI": 205.2099915,
	"IA": 88.71600431,
	"ID": 114.7743986,
	"IL": 134.9905194,
	"IN": 140.2145629,
	"KS": 109.4267091,
	"KY": 115.1144251,
	"LA": 155.2684633,
	"MA": 119.8129731,
	"MD": 126.613503,
	"ME": 87.32498682,
	"MI": 134.2177319,
	"MN": 88.22142031,
	"MO": 123.645999,
	"MS": 145.0676684,
	"MT": 115.1144251,
	"NC": 116.0417701,
	"ND": 89.1796768,
	"NE": 90.75616329,
	"NH": 127.7572285,
	"NJ": 126.8298835,
	"NM": 104.5426922,
	"NV": 101.6060997,
	"NY": 94.99103876,
	"OH": 139.5963329,
	"OK": 124.387875,
	"OR": 114.0016111,
	"PA": 133.5067675,
	"RI": 117.7419026,
	"SC": 117.0309381,
	"SD": 93.90913626,
	"TN": 113.5688501,
	"TX": 96.59843674,
	"UT": 115.2689826,
	"VA": 121.6367515,
	"VT": 64.1104505,
	"WA": 87.47954432,
	"WI": 116.7527346,
	"WV": 140.6164124,
	"WY": 121.0803446,
	"DistOil": 78.134,
	"ResidOil": 79.337,
	"NatGas": 56.011,
	"LPG": 65.21,
	"Coal": 100.249
}
