{
	"startyear": 2018,
	"endyear": 2048,
	"Default": [0.84194831, 0.814009325, 0.78607034, 0.765546278, 0.745022216, 0.724498154, 0.703974093, 0.683450031, 0.659203805, 0.634957579, 0.610711354, 0.586465128, 0.562218903, 0.5444302, 0.526641497, 0.508852795, 0.491064092, 0.47327539, 0.452819428, 0.432363467, 0.411907506, 0.391451545, 0.370995583, 0.347352138, 0.323708692, 0.300065247, 0.276421802, 0.252778356, 0.230962043, 0.209145731, 0.187329418],
	"Low": [0.840558646, 0.812584924, 0.784611202, 0.763895501, 0.7431798, 0.722464099, 0.701748398, 0.681032697, 0.656179089, 0.63132548, 0.606471871, 0.581618262, 0.556764654, 0.538059019, 0.519353385, 0.50064775, 0.481942116, 0.463236481, 0.442890251, 0.422544022, 0.402197792, 0.381851562, 0.361505333, 0.338083864, 0.314662395, 0.291240926, 0.267819457, 0.244397988, 0.222496466, 0.200594944, 0.178693422],
	"High": [0.797563763, 0.767176867, 0.736789971, 0.713629916, 0.69046986, 0.667309805, 0.64414975, 0.620989695, 0.602256559, 0.583523422, 0.564790286, 0.54605715, 0.527324013, 0.506172701, 0.485021389, 0.463870077, 0.442718765, 0.421567453, 0.396357787, 0.371148121, 0.345938455, 0.320728789, 0.295519123, 0.261704827, 0.22789053, 0.194076234, 0.160261937, 0.126447641, 0.1229905, 0.119533359, 0.116076218]
}
