{"AK":114.9093562,"AL":186.3345205,"AR":174.0317436,"AZ":133.599502,"CA":86.86131432,"CO":170.7860362,"CT":100.7405777,"DC":174.5881506,"DE":193.3205195,"FL":131.5902545,"GA":186.2726975,"HI":192.1213977,"IA":195.2370325,"ID":128.715485,"IL":180.6777161,"IN":181.1723001,"KS":211.7437733,"KY":206.1487919,"LA":181.3886806,"MA":103.8008162,"MD":174.5881506,"ME":89.6433493,"MI":157.6795603,"MN":171.9297617,"MO":191.06398,"MS":187.725538,"MT":129.1173345,"NC":208.4671544,"ND":195.9789085,"NE":193.598723,"NH":107.5720192,"NJ":180.8013621,"NM":132.486688,"NV":119.7202386,"NY":100.8024007,"OH":180.8631851,"OK":156.0103393,"OR":126.675326,"PA":189.6729625,"RI":106.7683202,"SC":208.2198624,"SD":196.133466,"TN":208.1580394,"TX":145.6240754,"UT":127.664494,"VA":194.0623955,"VT":81.66818236,"WA":125.7170695,"WI":183.9234236,"WV":181.1104771,"WY":164.1091522,"DistOil":78.296,"ResidOil":79.498,"NatGas":56.036,"LPG":65.372,"Coal":103.307}
